,都道府県,variable,value
0,北海道,1975,100.0
1,青森県,1975,100.0
2,岩手県,1975,100.0
3,宮城県,1975,100.0
4,秋田県,1975,100.0
5,山形県,1975,100.0
6,福島県,1975,100.0
7,茨城県,1975,100.0
8,栃木県,1975,100.0
9,群馬県,1975,100.0
10,埼玉県,1975,100.0
11,千葉県,1975,100.0
12,東京都,1975,100.0
13,神奈川県,1975,100.0
14,新潟県,1975,100.0
15,富山県,1975,100.0
16,石川県,1975,100.0
17,福井県,1975,100.0
18,山梨県,1975,100.0
19,長野県,1975,100.0
20,岐阜県,1975,100.0
21,静岡県,1975,100.0
22,愛知県,1975,100.0
23,三重県,1975,100.0
24,滋賀県,1975,100.0
25,京都府,1975,100.0
26,大阪府,1975,100.0
27,兵庫県,1975,100.0
28,奈良県,1975,100.0
29,和歌山県,1975,100.0
30,鳥取県,1975,100.0
31,島根県,1975,100.0
32,岡山県,1975,100.0
33,広島県,1975,100.0
34,山口県,1975,100.0
35,徳島県,1975,100.0
36,香川県,1975,100.0
37,愛媛県,1975,100.0
38,高知県,1975,100.0
39,福岡県,1975,100.0
40,佐賀県,1975,100.0
41,長崎県,1975,100.0
42,熊本県,1975,100.0
43,大分県,1975,100.0
44,宮崎県,1975,100.0
45,鹿児島県,1975,100.0
46,沖縄県,1975,100.0
47,北海道,1976,113.4345071973658
48,青森県,1976,110.53935751407681
49,岩手県,1976,109.39262132361624
50,宮城県,1976,111.14965114812429
51,秋田県,1976,111.11471323763907
52,山形県,1976,109.06767328628482
53,福島県,1976,109.7347173131034
54,茨城県,1976,111.34445397908425
55,栃木県,1976,117.46824636998048
56,群馬県,1976,114.8515210613269
57,埼玉県,1976,112.44275752333377
58,千葉県,1976,114.6589137405679
59,東京都,1976,110.10907965564571
60,神奈川県,1976,114.75305463281855
61,新潟県,1976,109.21598549193601
62,富山県,1976,111.85365886395363
63,石川県,1976,112.87903891500713
64,福井県,1976,112.72693440843543
65,山梨県,1976,111.83467966401524
66,長野県,1976,111.1869243730197
67,岐阜県,1976,113.42425237499205
68,静岡県,1976,112.17129217850609
69,愛知県,1976,113.98972268778726
70,三重県,1976,110.95069246334187
71,滋賀県,1976,114.70823408286475
72,京都府,1976,112.90335649320396
73,大阪府,1976,112.7287294105965
74,兵庫県,1976,118.3440321350542
75,奈良県,1976,115.53389779138065
76,和歌山県,1976,105.38429357011137
77,鳥取県,1976,112.81626571491527
78,島根県,1976,111.98629593165433
79,岡山県,1976,109.67229252273081
80,広島県,1976,110.02852177817152
81,山口県,1976,110.00323670022512
82,徳島県,1976,113.2985489218625
83,香川県,1976,109.15795494748902
84,愛媛県,1976,114.26183038051765
85,高知県,1976,112.9560296852517
86,福岡県,1976,110.09897102739792
87,佐賀県,1976,111.04381665503978
88,長崎県,1976,111.9429278666579
89,熊本県,1976,111.78782898489908
90,大分県,1976,112.5286648387754
91,宮崎県,1976,110.5733421068188
92,鹿児島県,1976,114.9456078342192
93,沖縄県,1976,105.75548391998524
94,北海道,1977,128.03507070359467
95,青森県,1977,123.11323119871528
96,岩手県,1977,123.8941501546891
97,宮城県,1977,124.5915678087057
98,秋田県,1977,125.33359670742179
99,山形県,1977,123.75118989003775
100,福島県,1977,122.66804855718543
101,茨城県,1977,126.12169223578003
102,栃木県,1977,126.82642624839158
103,群馬県,1977,129.15742270474394
104,埼玉県,1977,123.19855726578517
105,千葉県,1977,123.85611606237026
106,東京都,1977,123.1014811424177
107,神奈川県,1977,126.79893565705953
108,新潟県,1977,123.57144860032521
109,富山県,1977,123.02077740792441
110,石川県,1977,125.11775391798055
111,福井県,1977,122.65725952344033
112,山梨県,1977,123.15758872793398
113,長野県,1977,127.09621361634713
114,岐阜県,1977,124.33201846043085
115,静岡県,1977,123.8946750482863
116,愛知県,1977,125.56614390114422
117,三重県,1977,119.99811861914324
118,滋賀県,1977,127.582365197049
119,京都府,1977,126.43250650003235
120,大阪府,1977,123.72216769501414
121,兵庫県,1977,126.80261168916138
122,奈良県,1977,130.41795991669775
123,和歌山県,1977,115.17706245629509
124,鳥取県,1977,124.36829300831482
125,島根県,1977,126.0299224018378
126,岡山県,1977,119.14717631585397
127,広島県,1977,120.69527596774614
128,山口県,1977,119.14655305897112
129,徳島県,1977,121.49412413896306
130,香川県,1977,121.68911216276601
131,愛媛県,1977,117.04463393418678
132,高知県,1977,126.35448604281194
133,福岡県,1977,125.35309966848243
134,佐賀県,1977,127.86970971846398
135,長崎県,1977,125.6546304304329
136,熊本県,1977,125.79541033750989
137,大分県,1977,132.3170543207117
138,宮崎県,1977,128.30350315971458
139,鹿児島県,1977,131.228632108016
140,沖縄県,1977,118.01298123365136
141,北海道,1978,139.10228342947246
142,青森県,1978,136.23818461475915
143,岩手県,1978,137.86298450608544
144,宮城県,1978,139.00568917331066
145,秋田県,1978,132.04051336837114
146,山形県,1978,134.9605558290935
147,福島県,1978,137.59430171624533
148,茨城県,1978,138.3990525823758
149,栃木県,1978,145.3765014458656
150,群馬県,1978,143.46173434530388
151,埼玉県,1978,138.4512471800326
152,千葉県,1978,137.75697121679576
153,東京都,1978,134.08564980883756
154,神奈川県,1978,140.39339725675092
155,新潟県,1978,134.66661756771686
156,富山県,1978,136.2116799098035
157,石川県,1978,135.72625764438908
158,福井県,1978,131.0681759445909
159,山梨県,1978,138.901987951062
160,長野県,1978,137.39485996992642
161,岐阜県,1978,136.29795725266214
162,静岡県,1978,138.14121963404875
163,愛知県,1978,137.46243003052737
164,三重県,1978,130.01220017892317
165,滋賀県,1978,145.95720604092674
166,京都府,1978,141.08200136306283
167,大阪府,1978,131.78845155898784
168,兵庫県,1978,137.14515452761106
169,奈良県,1978,146.5261788738168
170,和歌山県,1978,124.86342924373707
171,鳥取県,1978,135.37634102359243
172,島根県,1978,138.72312382888177
173,岡山県,1978,134.11070083570922
174,広島県,1978,130.4586985410399
175,山口県,1978,125.88303790605273
176,徳島県,1978,136.69782689007252
177,香川県,1978,129.96788610679013
178,愛媛県,1978,130.36538483655653
179,高知県,1978,137.67301103787335
180,福岡県,1978,136.6236697142873
181,佐賀県,1978,140.72292578363167
182,長崎県,1978,131.93948664538934
183,熊本県,1978,138.54802237562035
184,大分県,1978,148.5925792053191
185,宮崎県,1978,144.03414294256115
186,鹿児島県,1978,144.46994779842456
187,沖縄県,1978,132.3967525208123
188,北海道,1979,151.23057207326931
189,青森県,1979,147.8675050649465
190,岩手県,1979,149.3010859493409
191,宮城県,1979,147.75972204704024
192,秋田県,1979,141.3630513798113
193,山形県,1979,142.9207287050714
194,福島県,1979,150.89313255628107
195,茨城県,1979,151.88053328868332
196,栃木県,1979,166.919387150601
197,群馬県,1979,158.83810541222064
198,埼玉県,1979,156.74284970535376
199,千葉県,1979,154.07709309928012
200,東京都,1979,144.3396165021467
201,神奈川県,1979,154.31433028495553
202,新潟県,1979,139.7119400650471
203,富山県,1979,151.3299957049286
204,石川県,1979,144.78073510398144
205,福井県,1979,141.7236780896263
206,山梨県,1979,150.1448594084392
207,長野県,1979,146.86589569571987
208,岐阜県,1979,146.34489606275486
209,静岡県,1979,153.18767058467765
210,愛知県,1979,149.25765348958242
211,三重県,1979,145.2992355450437
212,滋賀県,1979,157.74861861624032
213,京都府,1979,149.20228806366015
214,大阪府,1979,138.20002253558366
215,兵庫県,1979,153.01179904165795
216,奈良県,1979,159.13833331792222
217,和歌山県,1979,131.12031064277744
218,鳥取県,1979,148.56030615135785
219,島根県,1979,147.73755835741736
220,岡山県,1979,148.0924916878385
221,広島県,1979,141.26204859726167
222,山口県,1979,136.3477576324141
223,徳島県,1979,142.77255063341454
224,香川県,1979,144.59827950398756
225,愛媛県,1979,149.38436683395489
226,高知県,1979,146.37765353725092
227,福岡県,1979,154.46399083623533
228,佐賀県,1979,149.4033095498647
229,長崎県,1979,138.54923846685773
230,熊本県,1979,151.06109439290464
231,大分県,1979,160.28038235109938
232,宮崎県,1979,152.60583178359857
233,鹿児島県,1979,150.81353771991022
234,沖縄県,1979,148.5898646521876
235,北海道,1980,166.61921852326955
236,青森県,1980,156.86915159605104
237,岩手県,1980,155.0769555631808
238,宮城県,1980,160.5146394976002
239,秋田県,1980,157.48652155458063
240,山形県,1980,154.22134690081515
241,福島県,1980,165.28058272204078
242,茨城県,1980,181.80560497289605
243,栃木県,1980,178.04598729454221
244,群馬県,1980,176.5495447374632
245,埼玉県,1980,174.81848764144186
246,千葉県,1980,167.7009031929118
247,東京都,1980,156.97486152267894
248,神奈川県,1980,173.03099756257788
249,新潟県,1980,159.20823213713203
250,富山県,1980,159.31802319338559
251,石川県,1980,158.16740287520747
252,福井県,1980,164.91290639375615
253,山梨県,1980,168.4462560461175
254,長野県,1980,161.70331044251114
255,岐阜県,1980,165.41197290015347
256,静岡県,1980,163.37534162477908
257,愛知県,1980,163.90162399054663
258,三重県,1980,159.26248910526903
259,滋賀県,1980,172.28429395602723
260,京都府,1980,169.82629116877737
261,大阪府,1980,156.64697715709298
262,兵庫県,1980,157.45061739135656
263,奈良県,1980,163.80780069925402
264,和歌山県,1980,145.35266745304034
265,鳥取県,1980,158.62729549811803
266,島根県,1980,165.47397867903155
267,岡山県,1980,157.2613163849654
268,広島県,1980,151.36676040303297
269,山口県,1980,152.16306601855482
270,徳島県,1980,157.2989978535454
271,香川県,1980,160.51812232802058
272,愛媛県,1980,153.60811699965922
273,高知県,1980,158.29652288871304
274,福岡県,1980,168.36707036840397
275,佐賀県,1980,164.811886700379
276,長崎県,1980,152.02148938402792
277,熊本県,1980,165.35184945043264
278,大分県,1980,178.63602531145887
279,宮崎県,1980,164.4535258848509
280,鹿児島県,1980,168.84261025864384
281,沖縄県,1980,161.7774304538005
282,北海道,1981,174.27412111694616
283,青森県,1981,167.77352405087308
284,岩手県,1981,162.88781672364763
285,宮城県,1981,173.35411452697545
286,秋田県,1981,159.91803235430046
287,山形県,1981,163.26195816693107
288,福島県,1981,175.21913634827223
289,茨城県,1981,188.76033403796646
290,栃木県,1981,182.41416160491306
291,群馬県,1981,197.10505198564027
292,埼玉県,1981,190.65230175554254
293,千葉県,1981,183.25949800648954
294,東京都,1981,171.83516419929822
295,神奈川県,1981,186.48876801664593
296,新潟県,1981,169.0705332314868
297,富山県,1981,166.96559916246107
298,石川県,1981,172.5170343764516
299,福井県,1981,179.99390086318292
300,山梨県,1981,183.45052389376153
301,長野県,1981,173.85571062241556
302,岐阜県,1981,176.43515102719007
303,静岡県,1981,176.63170378142937
304,愛知県,1981,179.89273172710784
305,三重県,1981,166.3038929225524
306,滋賀県,1981,188.28268259547843
307,京都府,1981,182.48467534470265
308,大阪府,1981,164.07399480657895
309,兵庫県,1981,168.09996580099505
310,奈良県,1981,175.01302239852546
311,和歌山県,1981,159.8765916893089
312,鳥取県,1981,168.00685332945596
313,島根県,1981,176.96708165274558
314,岡山県,1981,164.7359305944727
315,広島県,1981,159.9422849892868
316,山口県,1981,154.31684642170973
317,徳島県,1981,168.06809732464777
318,香川県,1981,165.7875124047233
319,愛媛県,1981,164.93097317920459
320,高知県,1981,167.4529432185985
321,福岡県,1981,177.07050427182492
322,佐賀県,1981,172.13536178408697
323,長崎県,1981,164.75883100149315
324,熊本県,1981,174.8151829637178
325,大分県,1981,180.39249724349872
326,宮崎県,1981,174.41808630124908
327,鹿児島県,1981,180.45453786252344
328,沖縄県,1981,175.3970889909153
329,北海道,1982,183.2258227584991
330,青森県,1982,178.000040655089
331,岩手県,1982,167.21931953472412
332,宮城県,1982,184.2247837516679
333,秋田県,1982,167.46136279504245
334,山形県,1982,172.47325710742746
335,福島県,1982,184.83767636452362
336,茨城県,1982,200.6800058603152
337,栃木県,1982,191.09465178829342
338,群馬県,1982,205.25292225134467
339,埼玉県,1982,195.30174914815686
340,千葉県,1982,193.62739997329268
341,東京都,1982,183.37574723182567
342,神奈川県,1982,192.71219508221427
343,新潟県,1982,174.33267939388023
344,富山県,1982,175.52111296037796
345,石川県,1982,178.86043497942265
346,福井県,1982,192.08879929704864
347,山梨県,1982,190.34959238962358
348,長野県,1982,178.9052011170184
349,岐阜県,1982,184.3152287562841
350,静岡県,1982,184.49787476483053
351,愛知県,1982,188.65563703378456
352,三重県,1982,173.56141556631485
353,滋賀県,1982,205.16990867941539
354,京都府,1982,184.31324438357345
355,大阪府,1982,171.40672421746794
356,兵庫県,1982,174.81451928686838
357,奈良県,1982,189.1994743779814
358,和歌山県,1982,166.66963696419484
359,鳥取県,1982,176.48597480816824
360,島根県,1982,179.31897820264447
361,岡山県,1982,169.58418769555024
362,広島県,1982,165.20931838361892
363,山口県,1982,160.07677395049632
364,徳島県,1982,172.31962065272796
365,香川県,1982,170.808447004856
366,愛媛県,1982,172.19472421655905
367,高知県,1982,172.61419809727306
368,福岡県,1982,179.90981161050098
369,佐賀県,1982,181.2593329734445
370,長崎県,1982,171.60099560788063
371,熊本県,1982,183.8332748026049
372,大分県,1982,185.3524556443079
373,宮崎県,1982,183.23757119169838
374,鹿児島県,1982,188.6933417616458
375,沖縄県,1982,188.20813389339324
376,北海道,1983,185.18172031886283
377,青森県,1983,180.2369514103928
378,岩手県,1983,174.41336924917098
379,宮城県,1983,192.58486460829675
380,秋田県,1983,172.65181769587377
381,山形県,1983,176.97481627368384
382,福島県,1983,193.40206970190115
383,茨城県,1983,207.56280653285611
384,栃木県,1983,203.3804814151635
385,群馬県,1983,217.16641615840402
386,埼玉県,1983,206.52277003154072
387,千葉県,1983,203.0807497472343
388,東京都,1983,195.19208136945105
389,神奈川県,1983,204.58044511319846
390,新潟県,1983,182.02039250556334
391,富山県,1983,185.2226726081821
392,石川県,1983,186.28869532800977
393,福井県,1983,198.53848141830775
394,山梨県,1983,208.52332471516758
395,長野県,1983,195.3154368723484
396,岐阜県,1983,194.1914310222988
397,静岡県,1983,196.81551738193252
398,愛知県,1983,197.0408870987087
399,三重県,1983,182.79285228856543
400,滋賀県,1983,217.49445618866017
401,京都府,1983,191.66731465514707
402,大阪府,1983,176.44698079846893
403,兵庫県,1983,184.49140567149155
404,奈良県,1983,201.54511914338818
405,和歌山県,1983,155.93140727159042
406,鳥取県,1983,183.7686116911325
407,島根県,1983,182.7205142863192
408,岡山県,1983,179.5975443383356
409,広島県,1983,171.21632956984828
410,山口県,1983,175.86150010202118
411,徳島県,1983,183.06896245341164
412,香川県,1983,174.63708412588517
413,愛媛県,1983,177.08807116539015
414,高知県,1983,175.28769422647804
415,福岡県,1983,181.45988971710221
416,佐賀県,1983,186.47452809668764
417,長崎県,1983,177.64346731719652
418,熊本県,1983,193.27312181756557
419,大分県,1983,195.68249861481354
420,宮崎県,1983,185.81922420551663
421,鹿児島県,1983,196.87208108653283
422,沖縄県,1983,200.9084692781088
423,北海道,1984,194.19582618562924
424,青森県,1984,190.67216413814597
425,岩手県,1984,189.18794828230517
426,宮城県,1984,202.50672975431004
427,秋田県,1984,182.84560121292813
428,山形県,1984,186.63260207524118
429,福島県,1984,208.35034953920814
430,茨城県,1984,226.02771789558872
431,栃木県,1984,214.60740420277992
432,群馬県,1984,243.57914611877817
433,埼玉県,1984,225.5369772837018
434,千葉県,1984,215.27777777777777
435,東京都,1984,208.54644562984345
436,神奈川県,1984,209.7598478778601
437,新潟県,1984,192.8786703013403
438,富山県,1984,191.0532320412327
439,石川県,1984,196.5562156612711
440,福井県,1984,206.6858944539205
441,山梨県,1984,234.28071303982088
442,長野県,1984,213.0444961333978
443,岐阜県,1984,205.12882869143354
444,静岡県,1984,211.28417215566202
445,愛知県,1984,207.77896790921258
446,三重県,1984,193.11155436614743
447,滋賀県,1984,233.9750345726696
448,京都府,1984,202.17845014659787
449,大阪府,1984,183.9592417426865
450,兵庫県,1984,196.99307443203244
451,奈良県,1984,213.77857093688323
452,和歌山県,1984,168.87213775333743
453,鳥取県,1984,195.65056414053822
454,島根県,1984,216.20364489048393
455,岡山県,1984,195.42014198070433
456,広島県,1984,180.96394290032208
457,山口県,1984,183.06458109332934
458,徳島県,1984,190.19399927983875
459,香川県,1984,178.52195866669982
460,愛媛県,1984,190.3373346513006
461,高知県,1984,183.566508359351
462,福岡県,1984,187.0424388490111
463,佐賀県,1984,194.57991617369782
464,長崎県,1984,185.8816728245844
465,熊本県,1984,206.48956436998023
466,大分県,1984,209.50083348988517
467,宮崎県,1984,197.31552664655484
468,鹿児島県,1984,210.9433157443703
469,沖縄県,1984,215.70989764796545
470,北海道,1985,206.94223849215066
471,青森県,1985,203.17035159876139
472,岩手県,1985,199.5473243025099
473,宮城県,1985,217.989396695367
474,秋田県,1985,192.85979777996752
475,山形県,1985,199.053850502398
476,福島県,1985,219.37644801905395
477,茨城県,1985,251.8422319429038
478,栃木県,1985,227.75434393931505
479,群馬県,1985,252.52653938362545
480,埼玉県,1985,245.26467213295663
481,千葉県,1985,238.91503257772436
482,東京都,1985,224.85698295305485
483,神奈川県,1985,228.55895343877845
484,新潟県,1985,207.83473969166985
485,富山県,1985,202.3167883603565
486,石川県,1985,210.91472308598105
487,福井県,1985,225.87584638445236
488,山梨県,1985,265.59793164021426
489,長野県,1985,222.821553957897
490,岐阜県,1985,217.4975188700978
491,静岡県,1985,226.38616203887773
492,愛知県,1985,224.8518738312347
493,三重県,1985,204.60530357423968
494,滋賀県,1985,255.53231250038078
495,京都府,1985,223.82987982699686
496,大阪府,1985,191.29607318551442
497,兵庫県,1985,203.74792453922575
498,奈良県,1985,232.2158214693375
499,和歌山県,1985,181.2767798752777
500,鳥取県,1985,206.39464205144193
501,島根県,1985,211.59115931442605
502,岡山県,1985,206.85559304310885
503,広島県,1985,188.91466416257614
504,山口県,1985,191.1026921531485
505,徳島県,1985,191.20725211722728
506,香川県,1985,189.89699968150848
507,愛媛県,1985,197.8755949466084
508,高知県,1985,190.8442810069795
509,福岡県,1985,194.83764835725304
510,佐賀県,1985,204.55646329190103
511,長崎県,1985,194.57062617843906
512,熊本県,1985,216.13322076139667
513,大分県,1985,212.63068114711672
514,宮崎県,1985,206.57536556458638
515,鹿児島県,1985,220.9945922611132
516,沖縄県,1985,233.35753747300097
517,北海道,1986,214.22365768511565
518,青森県,1986,205.80283637004266
519,岩手県,1986,206.9003696701031
520,宮城県,1986,228.86753420474383
521,秋田県,1986,198.85439810853174
522,山形県,1986,206.2027463209147
523,福島県,1986,229.42603042994554
524,茨城県,1986,265.25255167891055
525,栃木県,1986,240.41783001320573
526,群馬県,1986,254.8960411413239
527,埼玉県,1986,257.0464790036834
528,千葉県,1986,253.78597900527384
529,東京都,1986,241.959232006965
530,神奈川県,1986,239.82061178190165
531,新潟県,1986,215.67566179697425
532,富山県,1986,211.19946580049393
533,石川県,1986,215.9928607988923
534,福井県,1986,232.102134697886
535,山梨県,1986,265.18178556848966
536,長野県,1986,225.50979908436713
537,岐阜県,1986,225.66479854873936
538,静岡県,1986,240.06693363609907
539,愛知県,1986,234.2763276599872
540,三重県,1986,212.98325571037483
541,滋賀県,1986,268.8111875331258
542,京都府,1986,232.36532566811968
543,大阪府,1986,200.12249062217734
544,兵庫県,1986,209.13293588987707
545,奈良県,1986,238.39855834085907
546,和歌山県,1986,181.0283321074563
547,鳥取県,1986,221.99271196679464
548,島根県,1986,219.40986227120186
549,岡山県,1986,220.97246162518073
550,広島県,1986,196.65570625975863
551,山口県,1986,194.50937943629322
552,徳島県,1986,199.11546429356392
553,香川県,1986,203.12225982971532
554,愛媛県,1986,203.9045083076126
555,高知県,1986,196.64503821701467
556,福岡県,1986,202.19708782916604
557,佐賀県,1986,213.3284722042215
558,長崎県,1986,198.56211697675676
559,熊本県,1986,223.45833678859424
560,大分県,1986,222.87432335919806
561,宮崎県,1986,217.35318544389605
562,鹿児島県,1986,230.0160985906988
563,沖縄県,1986,248.25643363398564
564,北海道,1987,225.10726854586852
565,青森県,1987,213.40086595339574
566,岩手県,1987,221.00124890425667
567,宮城県,1987,240.5416663900635
568,秋田県,1987,206.2764960490117
569,山形県,1987,214.1262286412459
570,福島県,1987,238.68636830665432
571,茨城県,1987,263.83805298004006
572,栃木県,1987,253.11848086414562
573,群馬県,1987,273.1030147944797
574,埼玉県,1987,280.45454461071404
575,千葉県,1987,269.5747293282763
576,東京都,1987,259.5738781192582
577,神奈川県,1987,259.9494245088644
578,新潟県,1987,223.3049967077803
579,富山県,1987,222.13773757113714
580,石川県,1987,233.9283653803481
581,福井県,1987,247.03799038610637
582,山梨県,1987,285.06711035788067
583,長野県,1987,234.35326714462167
584,岐阜県,1987,240.8781207622141
585,静岡県,1987,250.65002639180932
586,愛知県,1987,251.70299464649446
587,三重県,1987,223.2195033922449
588,滋賀県,1987,281.0802969289722
589,京都府,1987,242.74005686180593
590,大阪府,1987,210.2666181832327
591,兵庫県,1987,223.12861304942254
592,奈良県,1987,260.42023048874836
593,和歌山県,1987,185.77043728317457
594,鳥取県,1987,236.98624387479933
595,島根県,1987,230.6916346428685
596,岡山県,1987,225.28281772062968
597,広島県,1987,204.13748679640102
598,山口県,1987,208.1919387351979
599,徳島県,1987,211.0045547860326
600,香川県,1987,205.02606897226715
601,愛媛県,1987,207.74061629295676
602,高知県,1987,204.45594377148572
603,福岡県,1987,213.06487934237168
604,佐賀県,1987,219.61251466509486
605,長崎県,1987,207.02354564408517
606,熊本県,1987,233.17824081675133
607,大分県,1987,235.42740235723466
608,宮崎県,1987,229.91945901577387
609,鹿児島県,1987,236.5526017917873
610,沖縄県,1987,260.21913972192374
611,北海道,1988,235.74870391526463
612,青森県,1988,223.14629733776928
613,岩手県,1988,226.43182913767262
614,宮城県,1988,253.6256447619111
615,秋田県,1988,214.21209806864866
616,山形県,1988,227.3952258511589
617,福島県,1988,253.83284347851395
618,茨城県,1988,289.860119857399
619,栃木県,1988,272.4503961498181
620,群馬県,1988,301.71829621256353
621,埼玉県,1988,309.0318577678255
622,千葉県,1988,294.98871442420585
623,東京都,1988,282.7042951138593
624,神奈川県,1988,273.79279526177703
625,新潟県,1988,236.4843147436376
626,富山県,1988,236.94486202083112
627,石川県,1988,253.52655232504816
628,福井県,1988,257.6269189021554
629,山梨県,1988,303.0638197854943
630,長野県,1988,252.01024716717683
631,岐阜県,1988,257.48399001411053
632,静岡県,1988,270.84269798525065
633,愛知県,1988,271.62860042281534
634,三重県,1988,241.19585750651763
635,滋賀県,1988,313.7053220588863
636,京都府,1988,254.6926018882929
637,大阪府,1988,230.5974803287095
638,兵庫県,1988,244.3287317373695
639,奈良県,1988,281.06558665520083
640,和歌山県,1988,194.9240384165193
641,鳥取県,1988,245.1092080746971
642,島根県,1988,245.95216544393983
643,岡山県,1988,242.04189166006324
644,広島県,1988,221.80435322909423
645,山口県,1988,221.01559066884892
646,徳島県,1988,227.86836948948047
647,香川県,1988,219.81498610911663
648,愛媛県,1988,220.93528058356978
649,高知県,1988,213.39027409413575
650,福岡県,1988,227.313916770832
651,佐賀県,1988,230.84814681661783
652,長崎県,1988,213.12571732843915
653,熊本県,1988,246.98073272309253
654,大分県,1988,253.39646137370866
655,宮崎県,1988,238.76821039309158
656,鹿児島県,1988,246.7440503951414
657,沖縄県,1988,270.6163915209534
658,北海道,1989,249.6491312625387
659,青森県,1989,240.2566691285582
660,岩手県,1989,246.72437002574216
661,宮城県,1989,274.2223856024748
662,秋田県,1989,226.31634897167245
663,山形県,1989,239.46671043273705
664,福島県,1989,276.1305125455811
665,茨城県,1989,307.67652455402305
666,栃木県,1989,296.63709952727294
667,群馬県,1989,315.6191446281505
668,埼玉県,1989,332.78835449628167
669,千葉県,1989,320.1589518938783
670,東京都,1989,310.0191672088464
671,神奈川県,1989,295.57798441655774
672,新潟県,1989,249.14741813285025
673,富山県,1989,251.1351068399012
674,石川県,1989,270.19790350687737
675,福井県,1989,269.99751899519305
676,山梨県,1989,331.1233717233445
677,長野県,1989,267.67283913323666
678,岐阜県,1989,272.8763382873494
679,静岡県,1989,290.23115945890186
680,愛知県,1989,292.4998983115546
681,三重県,1989,260.463117256102
682,滋賀県,1989,341.311141842373
683,京都府,1989,264.663543688908
684,大阪府,1989,239.37930919003588
685,兵庫県,1989,260.5602015662559
686,奈良県,1989,304.4160057863628
687,和歌山県,1989,202.0949659498181
688,鳥取県,1989,258.40439740316975
689,島根県,1989,259.1848752395168
690,岡山県,1989,254.33559892493324
691,広島県,1989,239.27850223584284
692,山口県,1989,229.4355455286988
693,徳島県,1989,246.11089547841624
694,香川県,1989,241.00349698877096
695,愛媛県,1989,236.82963900973283
696,高知県,1989,223.82289373928268
697,福岡県,1989,241.16007115295375
698,佐賀県,1989,244.200962233084
699,長崎県,1989,234.38888016272807
700,熊本県,1989,263.17422807616083
701,大分県,1989,277.6875986375631
702,宮崎県,1989,253.14842469742618
703,鹿児島県,1989,260.0877007024022
704,沖縄県,1989,292.5332942593859
705,北海道,1990,275.0064562861935
706,青森県,1990,259.0307826782217
707,岩手県,1990,269.83569754567395
708,宮城県,1990,302.30284558242664
709,秋田県,1990,250.44470765099214
710,山形県,1990,265.615332713314
711,福島県,1990,298.45155138103246
712,茨城県,1990,354.8233184732484
713,栃木県,1990,329.9212952392143
714,群馬県,1990,346.91462429971557
715,埼玉県,1990,368.57628593299074
716,千葉県,1990,359.216300655023
717,東京都,1990,303.7800274641655
718,神奈川県,1990,348.61185638003536
719,新潟県,1990,272.3263341429029
720,富山県,1990,287.94091592397723
721,石川県,1990,302.0706050125298
722,福井県,1990,301.6149273789218
723,山梨県,1990,357.2103121095538
724,長野県,1990,303.7208913994952
725,岐阜県,1990,300.854781882691
726,静岡県,1990,327.71570351364016
727,愛知県,1990,312.84974828198676
728,三重県,1990,286.34674233145324
729,滋賀県,1990,381.0132838248643
730,京都府,1990,291.57638934720006
731,大阪府,1990,282.0661795948552
732,兵庫県,1990,284.8827925727953
733,奈良県,1990,344.3835191401005
734,和歌山県,1990,225.74304006427926
735,鳥取県,1990,281.70331918797336
736,島根県,1990,278.46267242565716
737,岡山県,1990,267.67598500134795
738,広島県,1990,266.6973163872949
739,山口県,1990,248.83249666320805
740,徳島県,1990,264.8665363517754
741,香川県,1990,264.21414824376393
742,愛媛県,1990,258.0706024494579
743,高知県,1990,249.15635019619899
744,福岡県,1990,265.03994515118956
745,佐賀県,1990,267.9477657777262
746,長崎県,1990,249.39286559228435
747,熊本県,1990,281.80736952888424
748,大分県,1990,298.7563046791956
749,宮崎県,1990,291.6318198424843
750,鹿児島県,1990,285.68144062472294
751,沖縄県,1990,310.83422877796227
752,北海道,1991,292.99093011496035
753,青森県,1991,270.6403854102437
754,岩手県,1991,284.3700813107521
755,宮城県,1991,322.76432748926226
756,秋田県,1991,261.166319982931
757,山形県,1991,277.06781917318597
758,福島県,1991,322.5994166511838
759,茨城県,1991,366.0956696456602
760,栃木県,1991,344.3517772997542
761,群馬県,1991,369.6655776803349
762,埼玉県,1991,392.19930540672607
763,千葉県,1991,382.8810648588934
764,東京都,1991,312.7012788227511
765,神奈川県,1991,361.5588446304853
766,新潟県,1991,292.1050915723567
767,富山県,1991,300.6644609685386
768,石川県,1991,315.3000210063522
769,福井県,1991,319.2717217139608
770,山梨県,1991,372.4502393705853
771,長野県,1991,313.1957450593416
772,岐阜県,1991,316.7607137410401
773,静岡県,1991,344.3866967064206
774,愛知県,1991,332.3536442531427
775,三重県,1991,306.61756518600714
776,滋賀県,1991,414.94719672001315
777,京都府,1991,311.7533130725305
778,大阪府,1991,296.17061791298124
779,兵庫県,1991,300.19874225883734
780,奈良県,1991,353.55755489184986
781,和歌山県,1991,240.31612524184013
782,鳥取県,1991,295.8924992617531
783,島根県,1991,295.57012947142204
784,岡山県,1991,289.75508736959915
785,広島県,1991,278.92670524355754
786,山口県,1991,264.39721402595825
787,徳島県,1991,277.03433859736907
788,香川県,1991,281.06058478894124
789,愛媛県,1991,267.17916465652445
790,高知県,1991,264.02188638576564
791,福岡県,1991,278.0313339158232
792,佐賀県,1991,282.2885098911205
793,長崎県,1991,259.8306502018133
794,熊本県,1991,294.8911300623283
795,大分県,1991,316.9871025069695
796,宮崎県,1991,303.5519048897322
797,鹿児島県,1991,297.26953511946743
798,沖縄県,1991,327.2209740266788
799,北海道,1992,301.08927163829225
800,青森県,1992,281.34236328032364
801,岩手県,1992,292.25464032529857
802,宮城県,1992,331.1347809635083
803,秋田県,1992,263.69848089947277
804,山形県,1992,281.0250013676897
805,福島県,1992,329.2047787147075
806,茨城県,1992,367.48756427161163
807,栃木県,1992,340.51152085834167
808,群馬県,1992,365.8993577879085
809,埼玉県,1992,404.99447506062785
810,千葉県,1992,389.69598315011075
811,東京都,1992,315.947888494296
812,神奈川県,1992,359.33749132297504
813,新潟県,1992,297.8345673948964
814,富山県,1992,301.8470149253731
815,石川県,1992,313.448873201516
816,福井県,1992,330.501059595803
817,山梨県,1992,370.7705629847718
818,長野県,1992,318.7069118871167
819,岐阜県,1992,322.96736266539534
820,静岡県,1992,344.3537923367658
821,愛知県,1992,331.8464014284358
822,三重県,1992,310.0538689253476
823,滋賀県,1992,413.9872340036675
824,京都府,1992,310.5632468339501
825,大阪府,1992,297.44086584607993
826,兵庫県,1992,304.46265448642134
827,奈良県,1992,355.12712634962907
828,和歌山県,1992,243.08839454411722
829,鳥取県,1992,299.1923504131934
830,島根県,1992,300.9539651284657
831,岡山県,1992,294.9425705206231
832,広島県,1992,283.51035843637317
833,山口県,1992,275.15347795739615
834,徳島県,1992,282.2311904639428
835,香川県,1992,288.5610200072042
836,愛媛県,1992,274.1379592128273
837,高知県,1992,272.0261271360091
838,福岡県,1992,286.75401576624597
839,佐賀県,1992,298.4063084983732
840,長崎県,1992,275.35277406101255
841,熊本県,1992,301.7659954462908
842,大分県,1992,323.1642811337999
843,宮崎県,1992,314.1604249261312
844,鹿児島県,1992,303.6755665020833
845,沖縄県,1992,338.93089338239287
846,北海道,1993,308.80318743513294
847,青森県,1993,282.7982897759227
848,岩手県,1993,301.5040335856611
849,宮城県,1993,333.2366881974548
850,秋田県,1993,274.29094442982654
851,山形県,1993,282.5212174261904
852,福島県,1993,326.4393561225883
853,茨城県,1993,369.8642011483427
854,栃木県,1993,347.2739524762646
855,群馬県,1993,366.097213768431
856,埼玉県,1993,402.58553136261696
857,千葉県,1993,402.5927992563573
858,東京都,1993,312.17437267495865
859,神奈川県,1993,359.9097065725446
860,新潟県,1993,306.1316367619153
861,富山県,1993,306.6703801138194
862,石川県,1993,321.06567295772396
863,福井県,1993,333.3241329405076
864,山梨県,1993,370.07496567166027
865,長野県,1993,318.8134783980452
866,岐阜県,1993,326.96185586226767
867,静岡県,1993,342.6019591421091
868,愛知県,1993,325.8607275052122
869,三重県,1993,316.382939715182
870,滋賀県,1993,412.1438405819174
871,京都府,1993,312.7172912295467
872,大阪府,1993,293.9938355453717
873,兵庫県,1993,312.41058946550544
874,奈良県,1993,362.6859737209539
875,和歌山県,1993,250.76218338012814
876,鳥取県,1993,301.19078847765246
877,島根県,1993,303.525132065085
878,岡山県,1993,294.9364436202629
879,広島県,1993,279.3342379594201
880,山口県,1993,268.6129798914572
881,徳島県,1993,283.80724463503253
882,香川県,1993,290.2228718629187
883,愛媛県,1993,284.91203900150055
884,高知県,1993,278.5353514691254
885,福岡県,1993,293.54730431195816
886,佐賀県,1993,306.76752570406546
887,長崎県,1993,279.7630119549852
888,熊本県,1993,302.12658554734395
889,大分県,1993,329.6076375099777
890,宮崎県,1993,321.4322747328464
891,鹿児島県,1993,311.25578001076667
892,沖縄県,1993,351.9303615425526
893,北海道,1994,312.5505964823484
894,青森県,1994,296.10273540990494
895,岩手県,1994,319.0046691515092
896,宮城県,1994,342.5498466512212
897,秋田県,1994,285.2235827370348
898,山形県,1994,288.8510312380327
899,福島県,1994,340.6520254918508
900,茨城県,1994,384.94715251470313
901,栃木県,1994,345.72807578587924
902,群馬県,1994,375.3652410469175
903,埼玉県,1994,407.13664989211054
904,千葉県,1994,408.2164671421957
905,東京都,1994,315.3588022148844
906,神奈川県,1994,360.13111690258285
907,新潟県,1994,311.3636816644814
908,富山県,1994,306.4180446687426
909,石川県,1994,324.87203877003367
910,福井県,1994,338.61787357213007
911,山梨県,1994,375.7897992256021
912,長野県,1994,330.5154882256592
913,岐阜県,1994,325.42678411215854
914,静岡県,1994,350.1832625377034
915,愛知県,1994,330.1217549652643
916,三重県,1994,322.06293410943493
917,滋賀県,1994,417.145302686007
918,京都府,1994,316.9856512480258
919,大阪府,1994,289.29369663930976
920,兵庫県,1994,302.7230476502543
921,奈良県,1994,376.79855505315294
922,和歌山県,1994,249.11517857277707
923,鳥取県,1994,312.3505331116844
924,島根県,1994,309.99129270280855
925,岡山県,1994,297.77372948509526
926,広島県,1994,277.0924322081629
927,山口県,1994,270.84982434509885
928,徳島県,1994,288.83072002095014
929,香川県,1994,294.52234695359255
930,愛媛県,1994,295.4553736322206
931,高知県,1994,288.65084996183555
932,福岡県,1994,302.3189334303221
933,佐賀県,1994,312.43859255661204
934,長崎県,1994,284.58143865208405
935,熊本県,1994,311.118686403488
936,大分県,1994,335.82991891804056
937,宮崎県,1994,330.5594453710012
938,鹿児島県,1994,323.03993555424506
939,沖縄県,1994,350.52174573714086
940,北海道,1995,317.231635535462
941,青森県,1995,303.310001829479
942,岩手県,1995,323.7939877554593
943,宮城県,1995,344.27701195589395
944,秋田県,1995,287.6697952392118
945,山形県,1995,294.4959789922862
946,福島県,1995,346.0689766324701
947,茨城県,1995,388.0926418161396
948,栃木県,1995,356.9521945244488
949,群馬県,1995,381.422953181869
950,埼玉県,1995,409.2488743335677
951,千葉県,1995,406.5642120214144
952,東京都,1995,316.2785240229906
953,神奈川県,1995,365.90766190761303
954,新潟県,1995,315.1376904597249
955,富山県,1995,311.07779448083323
956,石川県,1995,333.99426911208224
957,福井県,1995,338.1156768491239
958,山梨県,1995,387.7955639125648
959,長野県,1995,343.97978928360453
960,岐阜県,1995,328.7713518001759
961,静岡県,1995,353.125277523879
962,愛知県,1995,341.7488639575474
963,三重県,1995,333.16346511958284
964,滋賀県,1995,424.94083047512294
965,京都府,1995,317.6604522937812
966,大阪府,1995,294.84990986863335
967,兵庫県,1995,317.9552167032806
968,奈良県,1995,382.5665272473783
969,和歌山県,1995,254.03429334356323
970,鳥取県,1995,314.3973881799554
971,島根県,1995,313.6451816093414
972,岡山県,1995,306.02927841452157
973,広島県,1995,279.2001725737948
974,山口県,1995,274.0343804130917
975,徳島県,1995,299.18794805486317
976,香川県,1995,302.4442820342703
977,愛媛県,1995,299.88838035905934
978,高知県,1995,291.10143785746266
979,福岡県,1995,300.6575133533721
980,佐賀県,1995,323.7321525372727
981,長崎県,1995,291.6867133012978
982,熊本県,1995,311.95885744307725
983,大分県,1995,342.70464495233296
984,宮崎県,1995,331.08837413036383
985,鹿児島県,1995,324.1491708519148
986,沖縄県,1995,355.0385855231025
987,北海道,1996,328.82252568031987
988,青森県,1996,319.7366227817567
989,岩手県,1996,338.1931314433527
990,宮城県,1996,360.0510249805825
991,秋田県,1996,317.18794882601253
992,山形県,1996,312.0253843208053
993,福島県,1996,370.0751906628374
994,茨城県,1996,398.2341265688552
995,栃木県,1996,370.54235204524224
996,群馬県,1996,393.4885407997217
997,埼玉県,1996,422.0854629841439
998,千葉県,1996,423.49151348979655
999,東京都,1996,338.2416473355886
1000,神奈川県,1996,379.5649181115768
1001,新潟県,1996,329.9205847009249
1002,富山県,1996,334.92577579727265
1003,石川県,1996,362.79686265691896
1004,福井県,1996,351.3170000516876
1005,山梨県,1996,399.77213404752774
1006,長野県,1996,361.3366209521508
1007,岐阜県,1996,352.49713645321395
1008,静岡県,1996,367.89273585373974
1009,愛知県,1996,359.62175027195144
1010,三重県,1996,350.006911194984
1011,滋賀県,1996,457.8466252809982
1012,京都府,1996,327.2321460659694
1013,大阪府,1996,303.4054762053265
1014,兵庫県,1996,340.6877772509944
1015,奈良県,1996,414.31179577591405
1016,和歌山県,1996,261.5963939581128
1017,鳥取県,1996,328.3193003967796
1018,島根県,1996,330.814568975556
1019,岡山県,1996,311.7573584073327
1020,広島県,1996,298.8100976715566
1021,山口県,1996,283.99135786568803
1022,徳島県,1996,314.9007907744539
1023,香川県,1996,312.99068352131286
1024,愛媛県,1996,326.1700843624152
1025,高知県,1996,293.2934662288766
1026,福岡県,1996,317.8594122983407
1027,佐賀県,1996,337.44966533718167
1028,長崎県,1996,304.7756721298227
1029,熊本県,1996,321.0098971658698
1030,大分県,1996,345.17816391254337
1031,宮崎県,1996,348.83791696264257
1032,鹿児島県,1996,339.7236901104803
1033,沖縄県,1996,365.82690241281625
1034,北海道,1997,324.6528872904336
1035,青森県,1997,313.8158188951302
1036,岩手県,1997,337.5242938967619
1037,宮城県,1997,365.191279366955
1038,秋田県,1997,312.1415706092612
1039,山形県,1997,310.8800262596422
1040,福島県,1997,370.8002354884707
1041,茨城県,1997,403.21183644139336
1042,栃木県,1997,368.67828255111493
1043,群馬県,1997,398.4603803584959
1044,埼玉県,1997,426.95302017299036
1045,千葉県,1997,419.5823383123403
1046,東京都,1997,343.9112318150263
1047,神奈川県,1997,376.54584291224523
1048,新潟県,1997,329.87004431405444
1049,富山県,1997,329.37291957478794
1050,石川県,1997,360.2745471060052
1051,福井県,1997,357.35194086938543
1052,山梨県,1997,402.753565817633
1053,長野県,1997,365.1421362305999
1054,岐阜県,1997,348.1955189900897
1055,静岡県,1997,369.90948907369983
1056,愛知県,1997,354.2493567553981
1057,三重県,1997,351.5346212473171
1058,滋賀県,1997,449.84137693652644
1059,京都府,1997,323.5812156089643
1060,大阪府,1997,299.00528284680144
1061,兵庫県,1997,334.6398502942793
1062,奈良県,1997,409.2849958338599
1063,和歌山県,1997,259.81391337706214
1064,鳥取県,1997,326.8105785906904
1065,島根県,1997,335.81954457395113
1066,岡山県,1997,305.72023756035
1067,広島県,1997,296.47328613777444
1068,山口県,1997,286.2915856888648
1069,徳島県,1997,318.75669305699097
1070,香川県,1997,312.24098496511436
1071,愛媛県,1997,316.99209280168327
1072,高知県,1997,292.2764108852157
1073,福岡県,1997,320.1781192822275
1074,佐賀県,1997,336.0312224237049
1075,長崎県,1997,301.86953469865523
1076,熊本県,1997,318.5443713938903
1077,大分県,1997,357.7086518865883
1078,宮崎県,1997,352.96875560254557
1079,鹿児島県,1997,340.7755589217413
1080,沖縄県,1997,370.78419241748344
1081,北海道,1998,323.9194531788555
1082,青森県,1998,312.6166970450526
1083,岩手県,1998,337.88104430067614
1084,宮城県,1998,360.1301058172959
1085,秋田県,1998,309.8278996092363
1086,山形県,1998,313.64830315298065
1087,福島県,1998,365.8140133547929
1088,茨城県,1998,397.21293176221076
1089,栃木県,1998,362.9619392625173
1090,群馬県,1998,393.13650422965605
1091,埼玉県,1998,421.93498908935345
1092,千葉県,1998,417.64545082471847
1093,東京都,1998,351.13230486196016
1094,神奈川県,1998,372.1567840225204
1095,新潟県,1998,330.2596377240745
1096,富山県,1998,324.36916138730805
1097,石川県,1998,366.1954537520008
1098,福井県,1998,352.9887837907686
1099,山梨県,1998,385.7171839627893
1100,長野県,1998,359.9966519655228
1101,岐阜県,1998,351.3903258146052
1102,静岡県,1998,368.32393110895237
1103,愛知県,1998,351.42811252686926
1104,三重県,1998,346.0662821994494
1105,滋賀県,1998,434.33553461226825
1106,京都府,1998,325.13733544087506
1107,大阪府,1998,294.5290739374074
1108,兵庫県,1998,321.57509129871687
1109,奈良県,1998,399.4654395303512
1110,和歌山県,1998,258.74770242451797
1111,鳥取県,1998,323.96986453731785
1112,島根県,1998,346.9635616815405
1113,岡山県,1998,310.3769677561657
1114,広島県,1998,286.5817360402632
1115,山口県,1998,281.5440555419688
1116,徳島県,1998,321.1763646821704
1117,香川県,1998,314.76789830092395
1118,愛媛県,1998,323.03662322741775
1119,高知県,1998,293.35518387299254
1120,福岡県,1998,316.00584371154764
1121,佐賀県,1998,338.0654584469256
1122,長崎県,1998,302.1439199551077
1123,熊本県,1998,314.13981812990704
1124,大分県,1998,357.7112676893663
1125,宮崎県,1998,356.02031985750517
1126,鹿児島県,1998,347.27807906425176
1127,沖縄県,1998,377.3774868939468
1128,北海道,1999,321.38252910901997
1129,青森県,1999,313.19562551242353
1130,岩手県,1999,339.90714487150456
1131,宮城県,1999,362.3080650836116
1132,秋田県,1999,304.6789110486687
1133,山形県,1999,311.4262268176596
1134,福島県,1999,364.27420528237354
1135,茨城県,1999,388.28017190257924
1136,栃木県,1999,356.0902387491983
1137,群馬県,1999,396.82118678807
1138,埼玉県,1999,420.78158966851805
1139,千葉県,1999,407.7633098690474
1140,東京都,1999,351.45725201218056
1141,神奈川県,1999,365.58465837978054
1142,新潟県,1999,322.5897961796738
1143,富山県,1999,320.3797782669387
1144,石川県,1999,368.6580787176066
1145,福井県,1999,341.84876208197653
1146,山梨県,1999,395.8141692541782
1147,長野県,1999,361.61482667418505
1148,岐阜県,1999,346.8571972918473
1149,静岡県,1999,364.1167943447294
1150,愛知県,1999,347.94193016141867
1151,三重県,1999,344.1212127611376
1152,滋賀県,1999,443.40263605183156
1153,京都府,1999,319.4191039201452
1154,大阪府,1999,289.6232411624062
1155,兵庫県,1999,312.15940154666964
1156,奈良県,1999,400.12072045970353
1157,和歌山県,1999,253.4577283869321
1158,鳥取県,1999,328.74441068411875
1159,島根県,1999,344.672801473624
1160,岡山県,1999,307.3662497651355
1161,広島県,1999,285.0136896517858
1162,山口県,1999,276.6721705041583
1163,徳島県,1999,324.650558124962
1164,香川県,1999,301.97031530660627
1165,愛媛県,1999,313.63654247871875
1166,高知県,1999,292.0717374101266
1167,福岡県,1999,310.4131915848324
1168,佐賀県,1999,340.55962340149057
1169,長崎県,1999,297.4055277223612
1170,熊本県,1999,308.98887285400474
1171,大分県,1999,351.98519614161165
1172,宮崎県,1999,357.74985294074895
1173,鹿児島県,1999,354.9298561405267
1174,沖縄県,1999,380.5810078907666
1175,北海道,2000,323.4350707977897
1176,青森県,2000,317.4126423775096
1177,岩手県,2000,346.69102886649785
1178,宮城県,2000,366.7333141923963
1179,秋田県,2000,300.74556479794205
1180,山形県,2000,316.17987854915475
1181,福島県,2000,367.74018368996104
1182,茨城県,2000,401.8614872642793
1183,栃木県,2000,364.2391613489879
1184,群馬県,2000,392.6390320857608
1185,埼玉県,2000,428.81503922119083
1186,千葉県,2000,416.2261043215561
1187,東京都,2000,356.8433310015294
1188,神奈川県,2000,370.9425532942438
1189,新潟県,2000,323.55205676739496
1190,富山県,2000,325.5498362504027
1191,石川県,2000,370.8196619456616
1192,福井県,2000,354.233938078255
1193,山梨県,2000,403.67987431497954
1194,長野県,2000,373.43154234466465
1195,岐阜県,2000,347.8258340695431
1196,静岡県,2000,383.0666371552043
1197,愛知県,2000,346.23839317654887
1198,三重県,2000,354.7439594236063
1199,滋賀県,2000,455.98328023052505
1200,京都府,2000,330.5933439930161
1201,大阪府,2000,287.7213388067065
1202,兵庫県,2000,313.1436276598349
1203,奈良県,2000,401.0968609598253
1204,和歌山県,2000,258.0221443232328
1205,鳥取県,2000,330.3117425474539
1206,島根県,2000,351.3321635383915
1207,岡山県,2000,298.4890246791546
1208,広島県,2000,293.8197134994398
1209,山口県,2000,282.1905755586202
1210,徳島県,2000,328.7410973573824
1211,香川県,2000,306.4671428261991
1212,愛媛県,2000,320.65592882492484
1213,高知県,2000,301.03061452305
1214,福岡県,2000,313.26086002265856
1215,佐賀県,2000,338.18345540627803
1216,長崎県,2000,296.1893688422181
1217,熊本県,2000,321.81667507987913
1218,大分県,2000,368.57644049484645
1219,宮崎県,2000,356.62735718778134
1220,鹿児島県,2000,360.0338031860563
1221,沖縄県,2000,387.8516926616956
1222,北海道,2001,317.3337743755221
1223,青森県,2001,315.64489134927464
1224,岩手県,2001,326.92965432163936
1225,宮城県,2001,364.4830370360536
1226,秋田県,2001,297.0601872619926
1227,山形県,2001,295.0256213870197
1228,福島県,2001,355.7874425549156
1229,茨城県,2001,392.507168421273
1230,栃木県,2001,356.27606263444414
1231,群馬県,2001,382.75154963169075
1232,埼玉県,2001,413.4827497510838
1233,千葉県,2001,428.9821650616263
1234,東京都,2001,372.37535629791705
1235,神奈川県,2001,357.3594263766431
1236,新潟県,2001,317.2288665338518
1237,富山県,2001,318.56772790722647
1238,石川県,2001,368.2534105735918
1239,福井県,2001,358.1390396443893
1240,山梨県,2001,396.86752353501487
1241,長野県,2001,361.3297402797916
1242,岐阜県,2001,349.7450172453985
1243,静岡県,2001,371.95582206956414
1244,愛知県,2001,349.48326625372465
1245,三重県,2001,336.62837352705156
1246,滋賀県,2001,439.81621656198405
1247,京都府,2001,315.8228658689983
1248,大阪府,2001,295.19521906349513
1249,兵庫県,2001,305.75858274149755
1250,奈良県,2001,405.43478372544365
1251,和歌山県,2001,274.2876949635333
1252,鳥取県,2001,328.49228250946976
1253,島根県,2001,349.0189072739014
1254,岡山県,2001,312.43744434732173
1255,広島県,2001,273.419526694821
1256,山口県,2001,278.37281287579606
1257,徳島県,2001,339.9892911088145
1258,香川県,2001,312.48430606954986
1259,愛媛県,2001,318.78399965133997
1260,高知県,2001,307.90418335750996
1261,福岡県,2001,307.28506052739027
1262,佐賀県,2001,324.4521931994532
1263,長崎県,2001,294.6453163218819
1264,熊本県,2001,322.6958047659782
1265,大分県,2001,351.56238729258865
1266,宮崎県,2001,345.14733544142484
1267,鹿児島県,2001,366.1711821093651
1268,沖縄県,2001,398.4455081241249
1269,北海道,2002,311.5200868604018
1270,青森県,2002,310.34814307880987
1271,岩手県,2002,323.5792151213271
1272,宮城県,2002,355.0599703260155
1273,秋田県,2002,291.8819460832026
1274,山形県,2002,290.8242245199409
1275,福島県,2002,347.5796396489162
1276,茨城県,2002,398.0705261028206
1277,栃木県,2002,353.75508901520465
1278,群馬県,2002,380.00084468901775
1279,埼玉県,2002,409.06104495920704
1280,千葉県,2002,422.3173453620316
1281,東京都,2002,368.85531634832915
1282,神奈川県,2002,351.33343690486373
1283,新潟県,2002,311.20733078852123
1284,富山県,2002,318.5028991731988
1285,石川県,2002,359.6274183193143
1286,福井県,2002,355.8960045485088
1287,山梨県,2002,391.9437881168277
1288,長野県,2002,351.5311593765104
1289,岐阜県,2002,346.36504737160527
1290,静岡県,2002,379.6318763870501
1291,愛知県,2002,354.8250906591602
1292,三重県,2002,339.5592961331864
1293,滋賀県,2002,443.67122152704593
1294,京都府,2002,319.1400550321914
1295,大阪府,2002,286.93719262637455
1296,兵庫県,2002,301.4096272431645
1297,奈良県,2002,406.1297226100688
1298,和歌山県,2002,270.52193665412597
1299,鳥取県,2002,313.45063339334246
1300,島根県,2002,344.00175733900767
1301,岡山県,2002,310.16779537786636
1302,広島県,2002,266.8557846295075
1303,山口県,2002,284.6319929728392
1304,徳島県,2002,339.7186460968664
1305,香川県,2002,310.03890089137514
1306,愛媛県,2002,309.6359710636371
1307,高知県,2002,299.6689689997417
1308,福岡県,2002,306.6878341826817
1309,佐賀県,2002,318.48382359736325
1310,長崎県,2002,292.7429987766719
1311,熊本県,2002,312.24175287194794
1312,大分県,2002,349.5299085340962
1313,宮崎県,2002,344.2438537954854
1314,鹿児島県,2002,363.083349072179
1315,沖縄県,2002,398.10827824992134
1316,北海道,2003,309.56814549242904
1317,青森県,2003,305.99798079724627
1318,岩手県,2003,320.2030754440973
1319,宮城県,2003,352.9204312353539
1320,秋田県,2003,288.36937009613405
1321,山形県,2003,286.1805715119354
1322,福島県,2003,337.2720496227036
1323,茨城県,2003,398.63419772982553
1324,栃木県,2003,353.32255332255335
1325,群馬県,2003,384.37921568140314
1326,埼玉県,2003,410.01520828000395
1327,千葉県,2003,422.11526288497987
1328,東京都,2003,372.7817048889633
1329,神奈川県,2003,357.83687949452434
1330,新潟県,2003,309.1457830026868
1331,富山県,2003,325.9873966498443
1332,石川県,2003,353.1487338495176
1333,福井県,2003,352.79433503902413
1334,山梨県,2003,390.8922894219231
1335,長野県,2003,348.98161853552443
1336,岐阜県,2003,348.534381567781
1337,静岡県,2003,377.08828891357285
1338,愛知県,2003,352.55833527149775
1339,三重県,2003,345.8775681808583
1340,滋賀県,2003,449.40769554119174
1341,京都府,2003,322.15427963175085
1342,大阪府,2003,284.3440649849603
1343,兵庫県,2003,298.65275014046847
1344,奈良県,2003,400.64048625173757
1345,和歌山県,2003,269.1378786940558
1346,鳥取県,2003,315.37352294411363
1347,島根県,2003,339.1412858216619
1348,岡山県,2003,306.2961253482122
1349,広島県,2003,275.7182306876695
1350,山口県,2003,280.4473881855136
1351,徳島県,2003,350.03752788286624
1352,香川県,2003,300.6964294453033
1353,愛媛県,2003,308.0924239681993
1354,高知県,2003,291.94409410070494
1355,福岡県,2003,309.6619468261964
1356,佐賀県,2003,320.84455168480946
1357,長崎県,2003,289.7657558075497
1358,熊本県,2003,313.94942165889256
1359,大分県,2003,357.8698011910622
1360,宮崎県,2003,350.753902763551
1361,鹿児島県,2003,361.73674628595364
1362,沖縄県,2003,401.941323955586
1363,北海道,2004,312.1598596870432
1364,青森県,2004,304.9178428409776
1365,岩手県,2004,319.9371796991238
1366,宮城県,2004,351.4045354063079
1367,秋田県,2004,283.31085355068734
1368,山形県,2004,288.9861225085252
1369,福島県,2004,350.85530218408843
1370,茨城県,2004,390.55076498043076
1371,栃木県,2004,361.9672139903354
1372,群馬県,2004,381.02445871582427
1373,埼玉県,2004,423.4017950019565
1374,千葉県,2004,426.4207772523027
1375,東京都,2004,384.0449686900045
1376,神奈川県,2004,359.2939447312057
1377,新潟県,2004,313.0970547724686
1378,富山県,2004,326.39388489208636
1379,石川県,2004,352.26062374072836
1380,福井県,2004,346.4626040212953
1381,山梨県,2004,394.1572547224662
1382,長野県,2004,351.95847430320606
1383,岐阜県,2004,344.04228843759114
1384,静岡県,2004,380.27236165021907
1385,愛知県,2004,362.73129949489527
1386,三重県,2004,360.2081229578379
1387,滋賀県,2004,458.2608119551378
1388,京都府,2004,328.47474837899415
1389,大阪府,2004,286.5764843597419
1390,兵庫県,2004,301.9279246346935
1391,奈良県,2004,397.3756913172708
1392,和歌山県,2004,269.73302059624444
1393,鳥取県,2004,318.05099824469625
1394,島根県,2004,335.8735351097278
1395,岡山県,2004,304.45817777814085
1396,広島県,2004,276.43195160718113
1397,山口県,2004,283.9568684370597
1398,徳島県,2004,349.9583802918991
1399,香川県,2004,303.26160989842765
1400,愛媛県,2004,311.214263101537
1401,高知県,2004,289.3932150333895
1402,福岡県,2004,310.92910624030634
1403,佐賀県,2004,322.88926881330224
1404,長崎県,2004,288.0059100368302
1405,熊本県,2004,314.9628473650319
1406,大分県,2004,360.9576374703443
1407,宮崎県,2004,347.74778878124465
1408,鹿児島県,2004,361.6984591348903
1409,沖縄県,2004,397.5701431626019
1410,北海道,2005,305.22652262777206
1411,青森県,2005,295.99892941598966
1412,岩手県,2005,312.3008733994507
1413,宮城県,2005,349.7328843511222
1414,秋田県,2005,278.383370640474
1415,山形県,2005,284.9659171727119
1416,福島県,2005,348.9315046414957
1417,茨城県,2005,393.3975875035755
1418,栃木県,2005,365.75268020354724
1419,群馬県,2005,379.99036060767924
1420,埼玉県,2005,425.88470708745456
1421,千葉県,2005,424.1907812930851
1422,東京都,2005,389.527985332373
1423,神奈川県,2005,364.5640249525928
1424,新潟県,2005,313.6897556730402
1425,富山県,2005,324.53713894556
1426,石川県,2005,350.15163035920864
1427,福井県,2005,352.50385072621077
1428,山梨県,2005,397.68942439724384
1429,長野県,2005,353.4252742199667
1430,岐阜県,2005,345.98615696678837
1431,静岡県,2005,385.26822412498285
1432,愛知県,2005,371.38958564305165
1433,三重県,2005,365.8704554093539
1434,滋賀県,2005,460.2752410948723
1435,京都府,2005,327.8585930133555
1436,大阪府,2005,287.76264429409184
1437,兵庫県,2005,302.08128892523507
1438,奈良県,2005,396.7978769637623
1439,和歌山県,2005,277.2617431216216
1440,鳥取県,2005,306.1443126509284
1441,島根県,2005,321.9807645483321
1442,岡山県,2005,312.62909379059073
1443,広島県,2005,285.1871403459894
1444,山口県,2005,286.64680268525524
1445,徳島県,2005,337.999845679734
1446,香川県,2005,296.26346067913306
1447,愛媛県,2005,301.1455540698494
1448,高知県,2005,281.2263810199542
1449,福岡県,2005,314.3968024369817
1450,佐賀県,2005,323.9148393291642
1451,長崎県,2005,281.73024344685234
1452,熊本県,2005,313.95916132052
1453,大分県,2005,343.3151574673639
1454,宮崎県,2005,339.96581054116837
1455,鹿児島県,2005,358.3143503582675
1456,沖縄県,2005,396.49061682567594
1457,北海道,2006,302.3801991942869
1458,青森県,2006,321.292899588706
1459,岩手県,2006,309.91579968075837
1460,宮城県,2006,356.6361518086526
1461,秋田県,2006,276.7223798362004
1462,山形県,2006,305.0176340791801
1463,福島県,2006,371.5867490727082
1464,茨城県,2006,433.8974584371098
1465,栃木県,2006,385.2346343675824
1466,群馬県,2006,389.80982075202166
1467,埼玉県,2006,445.8054293126447
1468,千葉県,2006,431.91361830387723
1469,東京都,2006,414.59471303051873
1470,神奈川県,2006,402.580129743707
1471,新潟県,2006,309.1451073290655
1472,富山県,2006,316.37482551272416
1473,石川県,2006,338.54147866967656
1474,福井県,2006,369.8402853155528
1475,山梨県,2006,430.21747467125203
1476,長野県,2006,370.41117891090704
1477,岐阜県,2006,361.0791667067403
1478,静岡県,2006,409.9521030788015
1479,愛知県,2006,410.517515965086
1480,三重県,2006,392.0976724631115
1481,滋賀県,2006,467.1025056808836
1482,京都府,2006,336.0151779594178
1483,大阪府,2006,291.63665151644665
1484,兵庫県,2006,315.7158824890778
1485,奈良県,2006,396.07941043209706
1486,和歌山県,2006,283.0216534689803
1487,鳥取県,2006,312.9471265332676
1488,島根県,2006,341.6949852320005
1489,岡山県,2006,335.68666214637574
1490,広島県,2006,294.92390517861685
1491,山口県,2006,295.3877262976829
1492,徳島県,2006,345.65249414284443
1493,香川県,2006,306.2757270150605
1494,愛媛県,2006,307.5485506092774
1495,高知県,2006,279.7566127299654
1496,福岡県,2006,316.76571085368215
1497,佐賀県,2006,321.74096793570686
1498,長崎県,2006,283.4135741840623
1499,熊本県,2006,310.01671325935274
1500,大分県,2006,352.72768779680445
1501,宮崎県,2006,331.5803806000017
1502,鹿児島県,2006,353.0494816459364
1503,沖縄県,2006,405.33760975980374
1504,北海道,2007,299.6295465402862
1505,青森県,2007,318.29716159720294
1506,岩手県,2007,306.5320193212018
1507,宮城県,2007,347.43713363914577
1508,秋田県,2007,269.81604777525547
1509,山形県,2007,311.3502197421449
1510,福島県,2007,365.44873760719537
1511,茨城県,2007,449.12660373804385
1512,栃木県,2007,390.44571472317136
1513,群馬県,2007,402.3213544836838
1514,埼玉県,2007,443.2711353941209
1515,千葉県,2007,441.9725434904382
1516,東京都,2007,419.334269191162
1517,神奈川県,2007,412.6803322900538
1518,新潟県,2007,308.5060890017564
1519,富山県,2007,318.6427574358424
1520,石川県,2007,341.1691218457187
1521,福井県,2007,372.77831188297927
1522,山梨県,2007,429.6703242327152
1523,長野県,2007,372.78912249610653
1524,岐阜県,2007,360.9541369950093
1525,静岡県,2007,409.8573521569099
1526,愛知県,2007,420.4199159166927
1527,三重県,2007,405.5938924234106
1528,滋賀県,2007,474.18061249977154
1529,京都府,2007,344.18447219214613
1530,大阪府,2007,292.00396251898104
1531,兵庫県,2007,312.3010633411458
1532,奈良県,2007,393.06725516606514
1533,和歌山県,2007,278.63628606079646
1534,鳥取県,2007,298.69379018199095
1535,島根県,2007,343.89946644647
1536,岡山県,2007,330.1383862561371
1537,広島県,2007,305.2044227797409
1538,山口県,2007,300.41908273555674
1539,徳島県,2007,342.80259632156606
1540,香川県,2007,310.89866755020654
1541,愛媛県,2007,302.3488549604458
1542,高知県,2007,273.5634575439884
1543,福岡県,2007,323.57648803178336
1544,佐賀県,2007,333.19478739697803
1545,長崎県,2007,283.70581729331
1546,熊本県,2007,317.7033655261616
1547,大分県,2007,352.27618438397445
1548,宮崎県,2007,340.45616955955876
1549,鹿児島県,2007,362.3591052112924
1550,沖縄県,2007,405.3704969989037
1551,北海道,2008,288.69715833922186
1552,青森県,2008,296.9571698637377
1553,岩手県,2008,290.89550186085347
1554,宮城県,2008,332.81522799843333
1555,秋田県,2008,252.42762804240422
1556,山形県,2008,278.0122180279738
1557,福島県,2008,342.6841656388296
1558,茨城県,2008,429.9806400301388
1559,栃木県,2008,367.3219684780379
1560,群馬県,2008,382.3437635864502
1561,埼玉県,2008,429.5980810298314
1562,千葉県,2008,428.1053976528777
1563,東京都,2008,406.6502358383682
1564,神奈川県,2008,397.9200974736111
1565,新潟県,2008,293.18944638344004
1566,富山県,2008,302.63724095350585
1567,石川県,2008,330.36179743367467
1568,福井県,2008,359.5471132475319
1569,山梨県,2008,411.6319259744919
1570,長野県,2008,346.773132484829
1571,岐阜県,2008,344.5580703473032
1572,静岡県,2008,393.20746785732666
1573,愛知県,2008,374.1405761928055
1574,三重県,2008,361.44825050778087
1575,滋賀県,2008,457.2862281978958
1576,京都府,2008,321.24780364576833
1577,大阪府,2008,281.84081644620863
1578,兵庫県,2008,302.071295609516
1579,奈良県,2008,377.63712559962113
1580,和歌山県,2008,271.9212488540441
1581,鳥取県,2008,281.4664805934755
1582,島根県,2008,323.2937402737638
1583,岡山県,2008,306.74244961645604
1584,広島県,2008,281.4574869166615
1585,山口県,2008,284.56195290239395
1586,徳島県,2008,338.0600539653294
1587,香川県,2008,296.80465559193294
1588,愛媛県,2008,283.9657538351092
1589,高知県,2008,264.82573532248057
1590,福岡県,2008,310.71117767475045
1591,佐賀県,2008,315.69291939353843
1592,長崎県,2008,271.63983969644255
1593,熊本県,2008,309.5669635130013
1594,大分県,2008,342.0629013374679
1595,宮崎県,2008,333.7903879941506
1596,鹿児島県,2008,341.1122417383909
1597,沖縄県,2008,398.07940694430874
1598,北海道,2009,285.22032459302636
1599,青森県,2009,295.8285168345948
1600,岩手県,2009,283.61233400617647
1601,宮城県,2009,324.5983307553921
1602,秋田県,2009,246.8134625374234
1603,山形県,2009,265.43093167022266
1604,福島県,2009,326.50324244343915
1605,茨城県,2009,405.83732741720564
1606,栃木県,2009,358.7324541081767
1607,群馬県,2009,371.8700172664373
1608,埼玉県,2009,420.3710300520811
1609,千葉県,2009,413.1962112028525
1610,東京都,2009,383.88501979837974
1611,神奈川県,2009,364.1349246109813
1612,新潟県,2009,285.8739280860294
1613,富山県,2009,279.8670541178997
1614,石川県,2009,311.10281869742863
1615,福井県,2009,347.371065281439
1616,山梨県,2009,382.09248240286007
1617,長野県,2009,331.71004007572094
1618,岐阜県,2009,328.54460377717965
1619,静岡県,2009,365.49581761551934
1620,愛知県,2009,357.0400735911457
1621,三重県,2009,356.2036134031108
1622,滋賀県,2009,446.8563239047927
1623,京都府,2009,308.47121330234313
1624,大阪府,2009,268.2996434157013
1625,兵庫県,2009,284.48218225682945
1626,奈良県,2009,364.73370093997573
1627,和歌山県,2009,256.6769016071323
1628,鳥取県,2009,269.37946789263117
1629,島根県,2009,319.9206550851674
1630,岡山県,2009,292.39958010309533
1631,広島県,2009,269.6577035859672
1632,山口県,2009,273.5846189689928
1633,徳島県,2009,331.90466281021884
1634,香川県,2009,294.10124821400063
1635,愛媛県,2009,281.01703410149514
1636,高知県,2009,259.42964948352386
1637,福岡県,2009,310.7239283509544
1638,佐賀県,2009,294.0023283831712
1639,長崎県,2009,272.77837557410714
1640,熊本県,2009,292.5472665778781
1641,大分県,2009,318.8006464996199
1642,宮崎県,2009,326.2817897522718
1643,鹿児島県,2009,329.1439095806529
1644,沖縄県,2009,397.65274114595206
1645,北海道,2010,283.67444241628533
1646,青森県,2010,296.8023417331264
1647,岩手県,2010,280.6172559948099
1648,宮城県,2010,327.0017077477645
1649,秋田県,2010,247.19359578762297
1650,山形県,2010,272.14464686251983
1651,福島県,2010,321.51527429258323
1652,茨城県,2010,418.781159086628
1653,栃木県,2010,363.63682490850124
1654,群馬県,2010,381.9707588537073
1655,埼玉県,2010,425.9049627920034
1656,千葉県,2010,412.2636879336687
1657,東京都,2010,384.5806720268363
1658,神奈川県,2010,376.8149426952687
1659,新潟県,2010,287.4163558286478
1660,富山県,2010,294.55143348008164
1661,石川県,2010,307.00976055717126
1662,福井県,2010,350.95280922106787
1663,山梨県,2010,407.70340314459963
1664,長野県,2010,333.07329426454004
1665,岐阜県,2010,329.79196979501995
1666,静岡県,2010,373.2118809139627
1667,愛知県,2010,352.53758039905676
1668,三重県,2010,365.26778960786646
1669,滋賀県,2010,458.99521465515664
1670,京都府,2010,309.9647995232547
1671,大阪府,2010,270.4615970475314
1672,兵庫県,2010,299.3993847874634
1673,奈良県,2010,371.88507823199495
1674,和歌山県,2010,267.9510686274658
1675,鳥取県,2010,256.2995318690313
1676,島根県,2010,321.00258307661363
1677,岡山県,2010,289.742261724845
1678,広島県,2010,268.50613428686535
1679,山口県,2010,283.4542875183481
1680,徳島県,2010,341.51343755407055
1681,香川県,2010,288.65464207409383
1682,愛媛県,2010,285.7453123080024
1683,高知県,2010,260.4953308498215
1684,福岡県,2010,316.7616173988899
1685,佐賀県,2010,307.09187646721386
1686,長崎県,2010,273.1670771583072
1687,熊本県,2010,295.52832655360123
1688,大分県,2010,334.2204075420728
1689,宮崎県,2010,324.1511507446964
1690,鹿児島県,2010,331.50531459061654
1691,沖縄県,2010,398.1912018495002
1692,北海道,2011,281.7549826437758
1693,青森県,2011,296.91102633772186
1694,岩手県,2011,285.3477413448434
1695,宮城県,2011,321.59529199333497
1696,秋田県,2011,249.6879092445059
1697,山形県,2011,268.821270310192
1698,福島県,2011,294.95145848396464
1699,茨城県,2011,428.5388978421482
1700,栃木県,2011,358.5533065301851
1701,群馬県,2011,389.09566103126593
1702,埼玉県,2011,438.5137469608708
1703,千葉県,2011,409.89061706042617
1704,東京都,2011,392.88572420075343
1705,神奈川県,2011,380.68758695208186
1706,新潟県,2011,287.91226648297356
1707,富山県,2011,295.63949586599375
1708,石川県,2011,302.6304538851397
1709,福井県,2011,346.9551868506745
1710,山梨県,2011,405.92463847000755
1711,長野県,2011,334.6627715348263
1712,岐阜県,2011,330.7437985491974
1713,静岡県,2011,373.936027529458
1714,愛知県,2011,363.9622198744069
1715,三重県,2011,349.30369710536115
1716,滋賀県,2011,449.61376083632354
1717,京都府,2011,312.2339136042949
1718,大阪府,2011,275.07843033883296
1719,兵庫県,2011,296.6509458003514
1720,奈良県,2011,362.45747814445974
1721,和歌山県,2011,274.5640081496909
1722,鳥取県,2011,253.2197307534915
1723,島根県,2011,322.3051047522258
1724,岡山県,2011,299.9657710499873
1725,広島県,2011,275.95594557812217
1726,山口県,2011,281.86111710053405
1727,徳島県,2011,341.6409855920988
1728,香川県,2011,300.191335586574
1729,愛媛県,2011,298.53211697786793
1730,高知県,2011,260.30468411203157
1731,福岡県,2011,314.7462267056294
1732,佐賀県,2011,298.87671853498944
1733,長崎県,2011,273.54639359359305
1734,熊本県,2011,300.57419479434566
1735,大分県,2011,331.16855836767564
1736,宮崎県,2011,329.19603410030265
1737,鹿児島県,2011,325.23200343299555
1738,沖縄県,2011,407.55440504488075
1739,北海道,2012,279.7914552838011
1740,青森県,2012,298.8005393575141
1741,岩手県,2012,299.2380850505188
1742,宮城県,2012,352.4106378247044
1743,秋田県,2012,248.39883381572508
1744,山形県,2012,270.23214253150246
1745,福島県,2012,315.41343672142744
1746,茨城県,2012,428.646162540028
1747,栃木県,2012,354.58744649496094
1748,群馬県,2012,387.62744245556064
1749,埼玉県,2012,431.6459905152973
1750,千葉県,2012,405.3348083056289
1751,東京都,2012,392.9177492619221
1752,神奈川県,2012,374.15810019556403
1753,新潟県,2012,287.25476848212287
1754,富山県,2012,294.04333995490174
1755,石川県,2012,307.3494865278275
1756,福井県,2012,321.0894712358505
1757,山梨県,2012,387.5216794289744
1758,長野県,2012,327.02052622039633
1759,岐阜県,2012,331.06479973949854
1760,静岡県,2012,371.6926326547063
1761,愛知県,2012,381.1115850777682
1762,三重県,2012,358.4670297603735
1763,滋賀県,2012,436.2325385173046
1764,京都府,2012,310.56945445468665
1765,大阪府,2012,271.8185872353394
1766,兵庫県,2012,292.9910363499545
1767,奈良県,2012,359.8589574067396
1768,和歌山県,2012,274.58288715940375
1769,鳥取県,2012,250.68420871176295
1770,島根県,2012,317.2020728131186
1771,岡山県,2012,290.4138108503321
1772,広島県,2012,266.02077600081776
1773,山口県,2012,278.7715878498808
1774,徳島県,2012,335.3261301621298
1775,香川県,2012,298.7488176904792
1776,愛媛県,2012,277.3744445500379
1777,高知県,2012,258.2973411150555
1778,福岡県,2012,309.84646583306505
1779,佐賀県,2012,289.1593815471689
1780,長崎県,2012,272.5949741224071
1781,熊本県,2012,304.1214352142753
1782,大分県,2012,329.3507339704795
1783,宮崎県,2012,329.54887939397054
1784,鹿児島県,2012,322.4331227540025
1785,沖縄県,2012,402.54968360956445
1786,北海道,2013,284.4751945952132
1787,青森県,2013,293.1240047973005
1788,岩手県,2013,313.2753382391145
1789,宮城県,2013,364.87126336822956
1790,秋田県,2013,249.8233156938035
1791,山形県,2013,281.65049145649834
1792,福島県,2013,335.85799955678027
1793,茨城県,2013,425.99824190543967
1794,栃木県,2013,363.11415906791626
1795,群馬県,2013,407.33329192700893
1796,埼玉県,2013,443.6323139955986
1797,千葉県,2013,428.6994620383233
1798,東京都,2013,398.7010660280001
1799,神奈川県,2013,376.0530868098165
1800,新潟県,2013,293.0459670899649
1801,富山県,2013,298.3674702029421
1802,石川県,2013,318.50311988709825
1803,福井県,2013,323.9605106734894
1804,山梨県,2013,382.0479483404876
1805,長野県,2013,333.4610453251705
1806,岐阜県,2013,328.3858206231243
1807,静岡県,2013,380.98266338215024
1808,愛知県,2013,394.04637618884226
1809,三重県,2013,378.5373799659816
1810,滋賀県,2013,445.608890202075
1811,京都府,2013,310.12887674082924
1812,大阪府,2013,273.56679135332615
1813,兵庫県,2013,300.36815128740545
1814,奈良県,2013,365.00812166156555
1815,和歌山県,2013,276.89216762748237
1816,鳥取県,2013,253.1627695725363
1817,島根県,2013,320.1843882660569
1818,岡山県,2013,301.8557564271185
1819,広島県,2013,272.8670800954868
1820,山口県,2013,291.1053451861199
1821,徳島県,2013,348.1716555758718
1822,香川県,2013,293.644690216855
1823,愛媛県,2013,284.2074551508772
1824,高知県,2013,268.4640371989073
1825,福岡県,2013,312.9480852386188
1826,佐賀県,2013,296.8111518960094
1827,長崎県,2013,271.6378844570854
1828,熊本県,2013,302.71441586796806
1829,大分県,2013,330.98061690141515
1830,宮崎県,2013,340.2847377209159
1831,鹿児島県,2013,331.63488704648034
1832,沖縄県,2013,419.0825220062301
1833,北海道,2014,288.6415047597547
1834,青森県,2014,296.8725395201344
1835,岩手県,2014,322.8190366905565
1836,宮城県,2014,381.0510117036319
1837,秋田県,2014,252.54735267574753
1838,山形県,2014,279.0938235133213
1839,福島県,2014,347.45629920466683
1840,茨城県,2014,435.25642367288276
1841,栃木県,2014,379.66165365009294
1842,群馬県,2014,415.1267903059513
1843,埼玉県,2014,447.4932328001325
1844,千葉県,2014,429.2648030508774
1845,東京都,2014,401.208264904218
1846,神奈川県,2014,375.17236804667004
1847,新潟県,2014,292.12975365953275
1848,富山県,2014,302.90038118758724
1849,石川県,2014,324.5977727349383
1850,福井県,2014,313.84193931875745
1851,山梨県,2014,386.50123087200166
1852,長野県,2014,339.3701164008378
1853,岐阜県,2014,335.98936743667565
1854,静岡県,2014,377.26765757777383
1855,愛知県,2014,401.35725393221395
1856,三重県,2014,380.8074195517706
1857,滋賀県,2014,447.86456651659796
1858,京都府,2014,320.9015817671071
1859,大阪府,2014,279.2718695884346
1860,兵庫県,2014,307.56475522304726
1861,奈良県,2014,366.39841039408293
1862,和歌山県,2014,271.2247644277168
1863,鳥取県,2014,253.2793900956498
1864,島根県,2014,328.6185568647378
1865,岡山県,2014,300.3530728447607
1866,広島県,2014,285.69914935750836
1867,山口県,2014,292.16737840305746
1868,徳島県,2014,356.083959577443
1869,香川県,2014,296.22230547749257
1870,愛媛県,2014,286.1422157709352
1871,高知県,2014,272.3447678516533
1872,福岡県,2014,316.8698587949705
1873,佐賀県,2014,301.7914801011145
1874,長崎県,2014,265.50684040489097
1875,熊本県,2014,304.3675982050082
1876,大分県,2014,336.17044887968336
1877,宮崎県,2014,343.0862770218345
1878,鹿児島県,2014,335.5808404929021
1879,沖縄県,2014,429.2966689459803
